file	ref	refClade	strain	strainClade	pos	diffs	lengthNotN	pDiff
chr1.mfa	P34048	3	12C	1	100000	438	92144	0.00475342941482896
chr1.mfa	P34048	3	12C	1	200000	213	99905	0.00213202542415295
chr1.mfa	P34048	3	12C	1	300000	38	99993	0.00038002660186213
chr1.mfa	P34048	3	12C	1	400000	78	99969	0.000780241874981244
chr1.mfa	P34048	3	12C	1	500000	111	99412	0.00111656540457892
chr1.mfa	P34048	3	12C	1	600000	280	99877	0.00280344824133684
chr1.mfa	P34048	3	12C	1	700000	95	99959	0.000950389659760502
chr1.mfa	P34048	3	12C	1	800000	155	99931	0.00155107023846454
chr1.mfa	P34048	3	12C	1	900000	196	99676	0.00196637104217665
chr1.mfa	P34048	3	12C	1	1000000	86	99935	0.000860559363586331
chr1.mfa	P34048	3	12C	1	1100000	60	99944	0.000600336188265429
chr1.mfa	P34048	3	12C	1	1200000	2	99982	2.00036006481167e-05
chr1.mfa	P34048	3	12C	1	1300000	218	99702	0.00218651581713506
chr1.mfa	P34048	3	12C	1	1400000	167	99545	0.00167763323120197
chr1.mfa	P34048	3	12C	1	1500000	71	99902	0.000710696482552902
chr1.mfa	P34048	3	12C	1	1600000	32	99929	0.000320227361426613
chr1.mfa	P34048	3	12C	1	1700000	49	98156	0.000499205346591141
chr1.mfa	P34048	3	12C	1	1800000	22	99912	0.000220193770518056
chr1.mfa	P34048	3	12C	1	1900000	54	98369	0.00054895343045065
chr1.mfa	P34048	3	12C	1	2000000	142	99842	0.00142224715049779
chr1.mfa	P34048	3	12C	1	2100000	313	99942	0.00313181645354306
chr1.mfa	P34048	3	12C	1	2200000	253	99962	0.00253096176547088
chr1.mfa	P34048	3	12C	1	2300000	158	99892	0.0015817082449045
chr1.mfa	P34048	3	12C	1	2400000	147	99836	0.00147241476020674
chr1.mfa	P34048	3	12C	1	2500000	101	99952	0.00101048503281575
chr1.mfa	P34048	3	12C	1	2600000	199	99462	0.00200076411091673
chr1.mfa	P34048	3	12C	1	2700000	425	99701	0.00426274560937202
chr1.mfa	P34048	3	12C	1	2800000	245	99202	0.00246970827201065
chr1.mfa	P34048	3	12C	1	2900000	124	99655	0.00124429281019517
chr1.mfa	P34048	3	12C	1	3000000	439	99454	0.00441410099141312
chr1.mfa	P34048	3	12C	1	3100000	182	99980	0.00182036407281456
chr1.mfa	P34048	3	19F	1	100000	433	92666	0.00467269548701789
chr1.mfa	P34048	3	19F	1	200000	200	99907	0.00200186173141021
chr1.mfa	P34048	3	19F	1	300000	38	99993	0.00038002660186213
chr1.mfa	P34048	3	19F	1	400000	51	99969	0.000510158149026198
chr1.mfa	P34048	3	19F	1	500000	80	99386	0.000804942346004467
chr1.mfa	P34048	3	19F	1	600000	294	99876	0.00294365012615643
chr1.mfa	P34048	3	19F	1	700000	93	99957	0.000930400072030973
chr1.mfa	P34048	3	19F	1	800000	148	99933	0.00148099226481743
chr1.mfa	P34048	3	19F	1	900000	194	99712	0.00194560333761232
chr1.mfa	P34048	3	19F	1	1000000	67	99934	0.000670442492044749
chr1.mfa	P34048	3	19F	1	1100000	104	99953	0.00104048902984403
chr1.mfa	P34048	3	19F	1	1200000	2	99980	2.000400080016e-05
chr1.mfa	P34048	3	19F	1	1300000	184	99697	0.00184559214419692
chr1.mfa	P34048	3	19F	1	1400000	175	99550	0.0017579105976896
chr1.mfa	P34048	3	19F	1	1500000	54	99925	0.000540405303977984
chr1.mfa	P34048	3	19F	1	1600000	27	99930	0.000270189132392675
chr1.mfa	P34048	3	19F	1	1700000	43	98207	0.000437850662376409
chr1.mfa	P34048	3	19F	1	1800000	17	99897	0.000170175280538955
chr1.mfa	P34048	3	19F	1	1900000	49	98406	0.000497937117655428
chr1.mfa	P34048	3	19F	1	2000000	138	99850	0.0013820731096645
chr1.mfa	P34048	3	19F	1	2100000	311	99942	0.00311180484681115
chr1.mfa	P34048	3	19F	1	2200000	250	99963	0.00250092534237668
chr1.mfa	P34048	3	19F	1	2300000	160	99889	0.00160177797355064
chr1.mfa	P34048	3	19F	1	2400000	132	99854	0.00132193001782603
chr1.mfa	P34048	3	19F	1	2500000	91	99953	0.000910427901113523
chr1.mfa	P34048	3	19F	1	2600000	181	99458	0.00181986366104285
chr1.mfa	P34048	3	19F	1	2700000	419	99703	0.00420248136966791
chr1.mfa	P34048	3	19F	1	2800000	224	99189	0.00225831493411568
chr1.mfa	P34048	3	19F	1	2900000	214	99626	0.00214803364583542
chr1.mfa	P34048	3	19F	1	3000000	782	99391	0.00786791560604079
chr1.mfa	P34048	3	19F	1	3100000	627	99932	0.00627426650122083
chr1.mfa	P34048	3	GC75	4	100000	241	93233	0.00258492164791436
chr1.mfa	P34048	3	GC75	4	200000	166	99874	0.00166209423874081
chr1.mfa	P34048	3	GC75	4	300000	76	99324	0.000765172566549877
chr1.mfa	P34048	3	GC75	4	400000	302	99947	0.00302160144876785
chr1.mfa	P34048	3	GC75	4	500000	418	99209	0.00421332741989134
chr1.mfa	P34048	3	GC75	4	600000	85	99857	0.000851217240654135
chr1.mfa	P34048	3	GC75	4	700000	100	99939	0.00100061037232712
chr1.mfa	P34048	3	GC75	4	800000	73	99925	0.0007305479109332
chr1.mfa	P34048	3	GC75	4	900000	176	99455	0.00176964456286763
chr1.mfa	P34048	3	GC75	4	1000000	234	99922	0.00234182662476732
chr1.mfa	P34048	3	GC75	4	1100000	308	99811	0.00308583222290128
chr1.mfa	P34048	3	GC75	4	1200000	144	99965	0.00144050417646176
chr1.mfa	P34048	3	GC75	4	1300000	294	99492	0.00295501145820769
chr1.mfa	P34048	3	GC75	4	1400000	222	99435	0.00223261427062905
chr1.mfa	P34048	3	GC75	4	1500000	206	99890	0.00206226849534488
chr1.mfa	P34048	3	GC75	4	1600000	109	99899	0.00109110201303316
chr1.mfa	P34048	3	GC75	4	1700000	158	97547	0.00161973202661281
chr1.mfa	P34048	3	GC75	4	1800000	110	99637	0.00110400754739705
chr1.mfa	P34048	3	GC75	4	1900000	135	98604	0.00136911281489595
chr1.mfa	P34048	3	GC75	4	2000000	164	99609	0.00164643757090223
chr1.mfa	P34048	3	GC75	4	2100000	265	99925	0.00265198899174381
chr1.mfa	P34048	3	GC75	4	2200000	129	99941	0.0012907615493141
chr1.mfa	P34048	3	GC75	4	2300000	264	99815	0.00264489305214647
chr1.mfa	P34048	3	GC75	4	2400000	307	99752	0.0030776325286711
chr1.mfa	P34048	3	GC75	4	2500000	203	99938	0.00203125938081611
chr1.mfa	P34048	3	GC75	4	2600000	127	99411	0.00127752462001187
chr1.mfa	P34048	3	GC75	4	2700000	135	99642	0.00135485036430421
chr1.mfa	P34048	3	GC75	4	2800000	273	97576	0.00279781913585308
chr1.mfa	P34048	3	GC75	4	2900000	166	99580	0.0016670014059048
chr1.mfa	P34048	3	GC75	4	3000000	531	99396	0.00534226729445853
chr1.mfa	P34048	3	GC75	4	3100000	158	99988	0.00158018962275473
chr1.mfa	P34048	3	L26	1	100000	429	92565	0.00463458110516934
chr1.mfa	P34048	3	L26	1	200000	246	99911	0.00246219135030177
chr1.mfa	P34048	3	L26	1	300000	42	99990	0.00042004200420042
chr1.mfa	P34048	3	L26	1	400000	71	99971	0.000710205959728321
chr1.mfa	P34048	3	L26	1	500000	101	99408	0.00101601480766136
chr1.mfa	P34048	3	L26	1	600000	282	99879	0.00282341633376385
chr1.mfa	P34048	3	L26	1	700000	113	99956	0.0011304974188643
chr1.mfa	P34048	3	L26	1	800000	133	99930	0.00133093165215651
chr1.mfa	P34048	3	L26	1	900000	199	99701	0.00199596794415302
chr1.mfa	P34048	3	L26	1	1000000	63	99935	0.000630409766348126
chr1.mfa	P34048	3	L26	1	1100000	86	99951	0.000860421606587228
chr1.mfa	P34048	3	L26	1	1200000	41	99962	0.000410155859226506
chr1.mfa	P34048	3	L26	1	1300000	182	99680	0.00182584269662921
chr1.mfa	P34048	3	L26	1	1400000	157	99548	0.00157712862136859
chr1.mfa	P34048	3	L26	1	1500000	69	99925	0.000690517888416312
chr1.mfa	P34048	3	L26	1	1600000	28	99931	0.000280193333400046
chr1.mfa	P34048	3	L26	1	1700000	66	98070	0.000672988681553992
chr1.mfa	P34048	3	L26	1	1800000	23	99840	0.00023036858974359
chr1.mfa	P34048	3	L26	1	1900000	48	98503	0.000487294803203963
chr1.mfa	P34048	3	L26	1	2000000	168	99837	0.00168274287087953
chr1.mfa	P34048	3	L26	1	2100000	339	99941	0.00339200128075565
chr1.mfa	P34048	3	L26	1	2200000	257	99961	0.00257100269104951
chr1.mfa	P34048	3	L26	1	2300000	162	99892	0.00162175149161094
chr1.mfa	P34048	3	L26	1	2400000	177	99847	0.00177271224974211
chr1.mfa	P34048	3	L26	1	2500000	113	99956	0.0011304974188643
chr1.mfa	P34048	3	L26	1	2600000	195	99439	0.0019610012168264
chr1.mfa	P34048	3	L26	1	2700000	418	99693	0.00419287211740042
chr1.mfa	P34048	3	L26	1	2800000	222	99190	0.00223812884363343
chr1.mfa	P34048	3	L26	1	2900000	142	99648	0.00142501605651895
chr1.mfa	P34048	3	L26	1	3000000	431	99447	0.00433396683660643
chr1.mfa	P34048	3	L26	1	3100000	193	99976	0.00193046331119469
chr1.mfa	P34048	3	NCYC4144	NA	100000	140	94548	0.00148072936497864
chr1.mfa	P34048	3	NCYC4144	NA	200000	10	97905	0.000102139829426485
chr1.mfa	P34048	3	NCYC4144	NA	300000	16	99502	0.000160800787923861
chr1.mfa	P34048	3	NCYC4144	NA	400000	2	99345	2.01318637072827e-05
chr1.mfa	P34048	3	NCYC4144	NA	500000	22	96916	0.000227000701638532
chr1.mfa	P34048	3	NCYC4144	NA	600000	70	98851	0.000708136488249992
chr1.mfa	P34048	3	NCYC4144	NA	700000	31	99713	0.000310892260788463
chr1.mfa	P34048	3	NCYC4144	NA	800000	23	99426	0.000231327821696538
chr1.mfa	P34048	3	NCYC4144	NA	900000	34	95686	0.000355328888238614
chr1.mfa	P34048	3	NCYC4144	NA	1000000	17	99631	0.000170629623310014
chr1.mfa	P34048	3	NCYC4144	NA	1100000	128	99101	0.00129161158817772
chr1.mfa	P34048	3	NCYC4144	NA	1200000	21	99349	0.000211376058138482
chr1.mfa	P34048	3	NCYC4144	NA	1300000	85	96689	0.000879107240740932
chr1.mfa	P34048	3	NCYC4144	NA	1400000	38	95249	0.000398954319730391
chr1.mfa	P34048	3	NCYC4144	NA	1500000	31	99092	0.000312840592580632
chr1.mfa	P34048	3	NCYC4144	NA	1600000	33	99369	0.000332095522748543
chr1.mfa	P34048	3	NCYC4144	NA	1700000	62	91043	0.000680996891578705
chr1.mfa	P34048	3	NCYC4144	NA	1800000	16	98996	0.000161622691825932
chr1.mfa	P34048	3	NCYC4144	NA	1900000	41	98403	0.000416653963801917
chr1.mfa	P34048	3	NCYC4144	NA	2000000	46	96390	0.00047722792820832
chr1.mfa	P34048	3	NCYC4144	NA	2100000	20	99532	0.000200940401077041
chr1.mfa	P34048	3	NCYC4144	NA	2200000	47	99268	0.000473465769432244
chr1.mfa	P34048	3	NCYC4144	NA	2300000	55	98682	0.000557345817879654
chr1.mfa	P34048	3	NCYC4144	NA	2400000	36	98252	0.000366404755119489
chr1.mfa	P34048	3	NCYC4144	NA	2500000	50	99372	0.000503159843819184
chr1.mfa	P34048	3	NCYC4144	NA	2600000	27	98887	0.000273038923215387
chr1.mfa	P34048	3	NCYC4144	NA	2700000	20	99045	0.000201928416376395
chr1.mfa	P34048	3	NCYC4144	NA	2800000	104	97083	0.00107124831329893
chr1.mfa	P34048	3	NCYC4144	NA	2900000	41	97587	0.000420137928207651
chr1.mfa	P34048	3	NCYC4144	NA	3000000	182	98704	0.00184389690387421
chr1.mfa	P34048	3	NCYC4144	NA	3100000	34	99326	0.000342307150192296
chr1.mfa	P34048	3	NCYC4145	NA	100000	201	94777	0.00212076769680408
chr1.mfa	P34048	3	NCYC4145	NA	200000	134	98862	0.00135542473346685
chr1.mfa	P34048	3	NCYC4145	NA	300000	92	99313	0.000926364121514807
chr1.mfa	P34048	3	NCYC4145	NA	400000	316	99727	0.00316865041563468
chr1.mfa	P34048	3	NCYC4145	NA	500000	342	98015	0.00348926184767638
chr1.mfa	P34048	3	NCYC4145	NA	600000	187	99659	0.00187639851894962
chr1.mfa	P34048	3	NCYC4145	NA	700000	146	99847	0.00146223722295112
chr1.mfa	P34048	3	NCYC4145	NA	800000	250	99640	0.00250903251706142
chr1.mfa	P34048	3	NCYC4145	NA	900000	197	98168	0.00200676391492136
chr1.mfa	P34048	3	NCYC4145	NA	1000000	206	99824	0.00206363199230646
chr1.mfa	P34048	3	NCYC4145	NA	1100000	398	99539	0.00399843277509318
chr1.mfa	P34048	3	NCYC4145	NA	1200000	214	99666	0.00214717155298698
chr1.mfa	P34048	3	NCYC4145	NA	1300000	214	98523	0.00217208164591009
chr1.mfa	P34048	3	NCYC4145	NA	1400000	159	97179	0.00163615595962091
chr1.mfa	P34048	3	NCYC4145	NA	1500000	167	99448	0.00167926956801545
chr1.mfa	P34048	3	NCYC4145	NA	1600000	252	99636	0.00252920631097194
chr1.mfa	P34048	3	NCYC4145	NA	1700000	196	94199	0.00208070149364643
chr1.mfa	P34048	3	NCYC4145	NA	1800000	131	99220	0.00132029832695021
chr1.mfa	P34048	3	NCYC4145	NA	1900000	143	98704	0.00144877613875831
chr1.mfa	P34048	3	NCYC4145	NA	2000000	286	97870	0.00292224379278635
chr1.mfa	P34048	3	NCYC4145	NA	2100000	224	99761	0.00224536642575756
chr1.mfa	P34048	3	NCYC4145	NA	2200000	36	99698	0.000361090493289735
chr1.mfa	P34048	3	NCYC4145	NA	2300000	353	99148	0.00356033404607254
chr1.mfa	P34048	3	NCYC4145	NA	2400000	200	98902	0.00202220379769873
chr1.mfa	P34048	3	NCYC4145	NA	2500000	220	99664	0.00220741692085407
chr1.mfa	P34048	3	NCYC4145	NA	2600000	151	99154	0.00152288359521552
chr1.mfa	P34048	3	NCYC4145	NA	2700000	226	99389	0.00227389348921913
chr1.mfa	P34048	3	NCYC4145	NA	2800000	230	98201	0.00234213500880846
chr1.mfa	P34048	3	NCYC4145	NA	2900000	96	98660	0.000973038718832354
chr1.mfa	P34048	3	NCYC4145	NA	3000000	399	99292	0.00401845063046368
chr1.mfa	P34048	3	NCYC4145	NA	3100000	140	99824	0.00140246834428594
chr1.mfa	P34048	3	NCYC597	NA	100000	266	94587	0.0028122257815556
chr1.mfa	P34048	3	NCYC597	NA	200000	172	97390	0.00176609508163056
chr1.mfa	P34048	3	NCYC597	NA	300000	87	98882	0.000879836572884853
chr1.mfa	P34048	3	NCYC597	NA	400000	260	99133	0.00262273914841677
chr1.mfa	P34048	3	NCYC597	NA	500000	308	96449	0.00319339754689007
chr1.mfa	P34048	3	NCYC597	NA	600000	128	98488	0.0012996507188693
chr1.mfa	P34048	3	NCYC597	NA	700000	69	99628	0.000692576384149034
chr1.mfa	P34048	3	NCYC597	NA	800000	44	99169	0.000443687039296554
chr1.mfa	P34048	3	NCYC597	NA	900000	262	94479	0.0027731030176018
chr1.mfa	P34048	3	NCYC597	NA	1000000	156	99399	0.00156943228805119
chr1.mfa	P34048	3	NCYC597	NA	1100000	326	98579	0.00330699236145629
chr1.mfa	P34048	3	NCYC597	NA	1200000	116	98875	0.001173198482933
chr1.mfa	P34048	3	NCYC597	NA	1300000	333	95653	0.00348133357030098
chr1.mfa	P34048	3	NCYC597	NA	1400000	150	93689	0.00160104174449508
chr1.mfa	P34048	3	NCYC597	NA	1500000	74	98682	0.000749883464056262
chr1.mfa	P34048	3	NCYC597	NA	1600000	105	98813	0.00106261321890844
chr1.mfa	P34048	3	NCYC597	NA	1700000	105	89458	0.00117373516063404
chr1.mfa	P34048	3	NCYC597	NA	1800000	5	98406	5.08099099648395e-05
chr1.mfa	P34048	3	NCYC597	NA	1900000	40	97923	0.000408484217191058
chr1.mfa	P34048	3	NCYC597	NA	2000000	42	94007	0.000446775240141692
chr1.mfa	P34048	3	NCYC597	NA	2100000	68	99321	0.000684648765115132
chr1.mfa	P34048	3	NCYC597	NA	2200000	150	98911	0.00151651484668035
chr1.mfa	P34048	3	NCYC597	NA	2300000	130	97907	0.00132779065848203
chr1.mfa	P34048	3	NCYC597	NA	2400000	245	97413	0.00251506472442077
chr1.mfa	P34048	3	NCYC597	NA	2500000	434	97968	0.00443001796504981
chr1.mfa	P34048	3	NCYC597	NA	2600000	420	97747	0.00429680706313237
chr1.mfa	P34048	3	NCYC597	NA	2700000	487	98562	0.00494105233254195
chr1.mfa	P34048	3	NCYC597	NA	2800000	527	93708	0.00562385281939642
chr1.mfa	P34048	3	NCYC597	NA	2900000	393	96299	0.00408103926312838
chr1.mfa	P34048	3	NCYC597	NA	3000000	683	98295	0.00694847143801821
chr1.mfa	P34048	3	NCYC597	NA	3100000	225	99114	0.00227011320297839
chr1.mfa	P34048	3	P37005	1	100000	415	90314	0.00459507938968488
chr1.mfa	P34048	3	P37005	1	200000	313	99840	0.00313501602564103
chr1.mfa	P34048	3	P37005	1	300000	85	99990	0.00085008500850085
chr1.mfa	P34048	3	P37005	1	400000	102	99925	0.00102076557418064
chr1.mfa	P34048	3	P37005	1	500000	126	99173	0.00127050709366461
chr1.mfa	P34048	3	P37005	1	600000	332	99867	0.00332442148056916
chr1.mfa	P34048	3	P37005	1	700000	96	99956	0.000960422585937813
chr1.mfa	P34048	3	P37005	1	800000	148	99934	0.00148097744511378
chr1.mfa	P34048	3	P37005	1	900000	208	99689	0.00208648898073007
chr1.mfa	P34048	3	P37005	1	1000000	79	99935	0.000790513833992095
chr1.mfa	P34048	3	P37005	1	1100000	55	99950	0.000550275137568784
chr1.mfa	P34048	3	P37005	1	1200000	32	99975	0.000320080020005001
chr1.mfa	P34048	3	P37005	1	1300000	172	99684	0.00172545242967778
chr1.mfa	P34048	3	P37005	1	1400000	175	99548	0.00175794591553823
chr1.mfa	P34048	3	P37005	1	1500000	70	99913	0.000700609530291354
chr1.mfa	P34048	3	P37005	1	1600000	44	99928	0.000440317028260347
chr1.mfa	P34048	3	P37005	1	1700000	46	98207	0.000468398383007321
chr1.mfa	P34048	3	P37005	1	1800000	67	99855	0.000670972910720545
chr1.mfa	P34048	3	P37005	1	1900000	49	98298	0.000498484201102769
chr1.mfa	P34048	3	P37005	1	2000000	150	99841	0.00150238879818912
chr1.mfa	P34048	3	P37005	1	2100000	312	99942	0.0031218106501771
chr1.mfa	P34048	3	P37005	1	2200000	254	99962	0.00254096556691543
chr1.mfa	P34048	3	P37005	1	2300000	163	99887	0.00163184398370158
chr1.mfa	P34048	3	P37005	1	2400000	133	99847	0.0013320380181678
chr1.mfa	P34048	3	P37005	1	2500000	96	99950	0.00096048024012006
chr1.mfa	P34048	3	P37005	1	2600000	177	99461	0.00177959200088477
chr1.mfa	P34048	3	P37005	1	2700000	426	99699	0.00427286131255078
chr1.mfa	P34048	3	P37005	1	2800000	230	99188	0.0023188288905916
chr1.mfa	P34048	3	P37005	1	2900000	133	99651	0.00133465795626737
chr1.mfa	P34048	3	P37005	1	3000000	411	99430	0.00413356129940662
chr1.mfa	P34048	3	P37005	1	3100000	182	99978	0.00182040048810738
chr1.mfa	P34048	3	P37037	1	100000	480	93815	0.00511645259286894
chr1.mfa	P34048	3	P37037	1	200000	344	99864	0.00344468477128895
chr1.mfa	P34048	3	P37037	1	300000	145	99678	0.00145468408274644
chr1.mfa	P34048	3	P37037	1	400000	31	99970	0.000310093027908372
chr1.mfa	P34048	3	P37037	1	500000	76	99408	0.000764525993883792
chr1.mfa	P34048	3	P37037	1	600000	291	99879	0.00291352536569249
chr1.mfa	P34048	3	P37037	1	700000	98	99957	0.00098042158127995
chr1.mfa	P34048	3	P37037	1	800000	134	99930	0.00134093865705994
chr1.mfa	P34048	3	P37037	1	900000	222	99715	0.00222634508348794
chr1.mfa	P34048	3	P37037	1	1000000	82	99934	0.000820541557427902
chr1.mfa	P34048	3	P37037	1	1100000	69	99943	0.000690393524308856
chr1.mfa	P34048	3	P37037	1	1200000	7	99984	7.00112017922868e-05
chr1.mfa	P34048	3	P37037	1	1300000	193	99704	0.00193572976008987
chr1.mfa	P34048	3	P37037	1	1400000	165	99548	0.00165749186322176
chr1.mfa	P34048	3	P37037	1	1500000	53	99922	0.000530413722703709
chr1.mfa	P34048	3	P37037	1	1600000	31	99928	0.00031022336081979
chr1.mfa	P34048	3	P37037	1	1700000	47	98342	0.000477923979581461
chr1.mfa	P34048	3	P37037	1	1800000	19	99912	0.000190167347265594
chr1.mfa	P34048	3	P37037	1	1900000	60	98496	0.00060916179337232
chr1.mfa	P34048	3	P37037	1	2000000	148	99834	0.00148246088506921
chr1.mfa	P34048	3	P37037	1	2100000	311	99941	0.00311183598323011
chr1.mfa	P34048	3	P37037	1	2200000	264	99963	0.00264097716154977
chr1.mfa	P34048	3	P37037	1	2300000	170	99887	0.0017019231731857
chr1.mfa	P34048	3	P37037	1	2400000	133	99854	0.00133194463917319
chr1.mfa	P34048	3	P37037	1	2500000	73	99917	0.000730606403314751
chr1.mfa	P34048	3	P37037	1	2600000	181	99458	0.00181986366104285
chr1.mfa	P34048	3	P37037	1	2700000	600	99699	0.00601811452471941
chr1.mfa	P34048	3	P37037	1	2800000	458	99187	0.00461754060511962
chr1.mfa	P34048	3	P37037	1	2900000	400	99424	0.00402317347924042
chr1.mfa	P34048	3	P37037	1	3000000	782	99401	0.00786712407319846
chr1.mfa	P34048	3	P37037	1	3100000	593	99936	0.00593379763048351
chr1.mfa	P34048	3	P37039	1	100000	452	93111	0.00485442106732824
chr1.mfa	P34048	3	P37039	1	200000	313	99871	0.00313404291536082
chr1.mfa	P34048	3	P37039	1	300000	82	99993	0.000820057404018281
chr1.mfa	P34048	3	P37039	1	400000	79	99946	0.000790426830488464
chr1.mfa	P34048	3	P37039	1	500000	138	99236	0.00139062437018824
chr1.mfa	P34048	3	P37039	1	600000	411	99874	0.00411518513326792
chr1.mfa	P34048	3	P37039	1	700000	95	99959	0.000950389659760502
chr1.mfa	P34048	3	P37039	1	800000	151	99939	0.00151092166221395
chr1.mfa	P34048	3	P37039	1	900000	205	99711	0.00205594167143043
chr1.mfa	P34048	3	P37039	1	1000000	67	99936	0.000670429074607749
chr1.mfa	P34048	3	P37039	1	1100000	104	99947	0.00104055149229091
chr1.mfa	P34048	3	P37039	1	1200000	35	99977	0.000350080518519259
chr1.mfa	P34048	3	P37039	1	1300000	171	99717	0.00171485303408646
chr1.mfa	P34048	3	P37039	1	1400000	164	99539	0.00164759541486252
chr1.mfa	P34048	3	P37039	1	1500000	52	99905	0.000520494469746259
chr1.mfa	P34048	3	P37039	1	1600000	30	99930	0.000300210147102972
chr1.mfa	P34048	3	P37039	1	1700000	49	98248	0.000498737887794154
chr1.mfa	P34048	3	P37039	1	1800000	42	99816	0.000420774224573215
chr1.mfa	P34048	3	P37039	1	1900000	47	98467	0.000477317273807469
chr1.mfa	P34048	3	P37039	1	2000000	145	99841	0.00145230917158282
chr1.mfa	P34048	3	P37039	1	2100000	371	99931	0.00371256166755061
chr1.mfa	P34048	3	P37039	1	2200000	259	99964	0.00259093273578488
chr1.mfa	P34048	3	P37039	1	2300000	160	99890	0.00160176193813195
chr1.mfa	P34048	3	P37039	1	2400000	141	99854	0.00141206160995053
chr1.mfa	P34048	3	P37039	1	2500000	92	99956	0.000920404978190404
chr1.mfa	P34048	3	P37039	1	2600000	177	99465	0.00177952043432363
chr1.mfa	P34048	3	P37039	1	2700000	436	99698	0.0043732070853979
chr1.mfa	P34048	3	P37039	1	2800000	256	99190	0.00258090533319891
chr1.mfa	P34048	3	P37039	1	2900000	129	99654	0.00129447889698356
chr1.mfa	P34048	3	P37039	1	3000000	424	99456	0.00426319176319176
chr1.mfa	P34048	3	P37039	1	3100000	187	99984	0.00187029924787966
chr1.mfa	P34048	3	P57055	3	100000	149	94886	0.00157030541913454
chr1.mfa	P34048	3	P57055	3	200000	98	99794	0.000982022967312664
chr1.mfa	P34048	3	P57055	3	300000	9	99991	9.00081007290656e-05
chr1.mfa	P34048	3	P57055	3	400000	28	99938	0.000280173707698773
chr1.mfa	P34048	3	P57055	3	500000	42	99167	0.000423527988141216
chr1.mfa	P34048	3	P57055	3	600000	139	99784	0.00139300889922232
chr1.mfa	P34048	3	P57055	3	700000	41	99932	0.000410278989713005
chr1.mfa	P34048	3	P57055	3	800000	11	99936	0.000110070445084854
chr1.mfa	P34048	3	P57055	3	900000	39	99647	0.000391381576966692
chr1.mfa	P34048	3	P57055	3	1000000	78	99890	0.000780858944839323
chr1.mfa	P34048	3	P57055	3	1100000	17	99878	0.000170207653337071
chr1.mfa	P34048	3	P57055	3	1200000	47	99946	0.000470253937126048
chr1.mfa	P34048	3	P57055	3	1300000	51	99442	0.000512861768669174
chr1.mfa	P34048	3	P57055	3	1400000	13	99520	0.000130627009646302
chr1.mfa	P34048	3	P57055	3	1500000	4	99921	4.00316249837372e-05
chr1.mfa	P34048	3	P57055	3	1600000	3	99924	3.00228173411793e-05
chr1.mfa	P34048	3	P57055	3	1700000	12	98295	0.000122081489394171
chr1.mfa	P34048	3	P57055	3	1800000	1	99885	1.00115132402263e-05
chr1.mfa	P34048	3	P57055	3	1900000	0	98306	0
chr1.mfa	P34048	3	P57055	3	2000000	6	99809	6.01148193048723e-05
chr1.mfa	P34048	3	P57055	3	2100000	6	99925	6.00450337753315e-05
chr1.mfa	P34048	3	P57055	3	2200000	6	99958	6.00252105884471e-05
chr1.mfa	P34048	3	P57055	3	2300000	74	99762	0.000741765401655941
chr1.mfa	P34048	3	P57055	3	2400000	6	99807	6.01160239261775e-05
chr1.mfa	P34048	3	P57055	3	2500000	5	99974	5.0013003380879e-05
chr1.mfa	P34048	3	P57055	3	2600000	0	99411	0
chr1.mfa	P34048	3	P57055	3	2700000	6	99711	6.01739025784517e-05
chr1.mfa	P34048	3	P57055	3	2800000	9	99150	9.07715582450832e-05
chr1.mfa	P34048	3	P57055	3	2900000	2	99704	2.00593757522266e-05
chr1.mfa	P34048	3	P57055	3	3000000	37	99395	0.000372252125358418
chr1.mfa	P34048	3	P57055	3	3100000	14	99964	0.000140050418150534
chr1.mfa	P34048	3	P57072	2	100000	339	93369	0.00363075538990457
chr1.mfa	P34048	3	P57072	2	200000	349	99756	0.00349853642888648
chr1.mfa	P34048	3	P57072	2	300000	336	99012	0.00339352805720519
chr1.mfa	P34048	3	P57072	2	400000	417	99887	0.00417471743069669
chr1.mfa	P34048	3	P57072	2	500000	522	99011	0.00527214147922958
chr1.mfa	P34048	3	P57072	2	600000	427	99853	0.00427628614062672
chr1.mfa	P34048	3	P57072	2	700000	237	99922	0.00237185004303357
chr1.mfa	P34048	3	P57072	2	800000	314	99895	0.00314330046548876
chr1.mfa	P34048	3	P57072	2	900000	262	99345	0.00263727414565403
chr1.mfa	P34048	3	P57072	2	1000000	89	99846	0.000891372713979528
chr1.mfa	P34048	3	P57072	2	1100000	486	99813	0.00486910522677407
chr1.mfa	P34048	3	P57072	2	1200000	308	99890	0.00308339173090399
chr1.mfa	P34048	3	P57072	2	1300000	520	99362	0.00523338902196011
chr1.mfa	P34048	3	P57072	2	1400000	469	99328	0.0047217300257732
chr1.mfa	P34048	3	P57072	2	1500000	318	99858	0.0031845220212702
chr1.mfa	P34048	3	P57072	2	1600000	202	99843	0.00202317638692748
chr1.mfa	P34048	3	P57072	2	1700000	192	97978	0.00195962358896895
chr1.mfa	P34048	3	P57072	2	1800000	180	99874	0.00180227086128522
chr1.mfa	P34048	3	P57072	2	1900000	149	98399	0.00151424303092511
chr1.mfa	P34048	3	P57072	2	2000000	257	99716	0.00257731958762887
chr1.mfa	P34048	3	P57072	2	2100000	62	99936	0.000620397054114633
chr1.mfa	P34048	3	P57072	2	2200000	194	99953	0.00194091222874751
chr1.mfa	P34048	3	P57072	2	2300000	272	99700	0.00272818455366098
chr1.mfa	P34048	3	P57072	2	2400000	148	99798	0.00148299565121546
chr1.mfa	P34048	3	P57072	2	2500000	267	99293	0.00268901130996143
chr1.mfa	P34048	3	P57072	2	2600000	258	99437	0.00259460764101894
chr1.mfa	P34048	3	P57072	2	2700000	281	99685	0.00281887947033154
chr1.mfa	P34048	3	P57072	2	2800000	244	97533	0.00250171736745512
chr1.mfa	P34048	3	P57072	2	2900000	250	99519	0.00251208311980627
chr1.mfa	P34048	3	P57072	2	3000000	734	99384	0.00738549464702568
chr1.mfa	P34048	3	P57072	2	3100000	206	99985	0.00206030904635695
chr1.mfa	P34048	3	P60002	8	100000	478	94688	0.00504815816154106
chr1.mfa	P34048	3	P60002	8	200000	365	99856	0.00365526357955456
chr1.mfa	P34048	3	P60002	8	300000	103	99993	0.00103007210504735
chr1.mfa	P34048	3	P60002	8	400000	487	99923	0.00487375278964803
chr1.mfa	P34048	3	P60002	8	500000	562	99194	0.00566566526201182
chr1.mfa	P34048	3	P60002	8	600000	310	99873	0.00310394200634806
chr1.mfa	P34048	3	P60002	8	700000	42	99868	0.000420555132775263
chr1.mfa	P34048	3	P60002	8	800000	224	99936	0.00224143451809158
chr1.mfa	P34048	3	P60002	8	900000	210	99449	0.00211163510945309
chr1.mfa	P34048	3	P60002	8	1000000	198	99909	0.00198180344113143
chr1.mfa	P34048	3	P60002	8	1100000	351	99843	0.00351551936540368
chr1.mfa	P34048	3	P60002	8	1200000	177	99954	0.00177081457470436
chr1.mfa	P34048	3	P60002	8	1300000	344	99402	0.0034606949558359
chr1.mfa	P34048	3	P60002	8	1400000	194	98872	0.00196213285864552
chr1.mfa	P34048	3	P60002	8	1500000	204	99895	0.00204214425146404
chr1.mfa	P34048	3	P60002	8	1600000	387	99888	0.00387433925997117
chr1.mfa	P34048	3	P60002	8	1700000	322	98148	0.0032807596690712
chr1.mfa	P34048	3	P60002	8	1800000	88	99778	0.000881957946641544
chr1.mfa	P34048	3	P60002	8	1900000	229	98336	0.00232875040676863
chr1.mfa	P34048	3	P60002	8	2000000	571	99588	0.00573362252480219
chr1.mfa	P34048	3	P60002	8	2100000	508	99915	0.00508432167342241
chr1.mfa	P34048	3	P60002	8	2200000	488	99910	0.00488439595636072
chr1.mfa	P34048	3	P60002	8	2300000	232	99725	0.0023263975933818
chr1.mfa	P34048	3	P60002	8	2400000	154	99830	0.0015426224581789
chr1.mfa	P34048	3	P60002	8	2500000	475	99732	0.00476276420807765
chr1.mfa	P34048	3	P60002	8	2600000	479	99411	0.00481838025972981
chr1.mfa	P34048	3	P60002	8	2700000	377	99672	0.00378240629263986
chr1.mfa	P34048	3	P60002	8	2800000	582	97347	0.00597861259206755
chr1.mfa	P34048	3	P60002	8	2900000	394	99588	0.00395629995581797
chr1.mfa	P34048	3	P60002	8	3000000	775	99386	0.00779787897691828
chr1.mfa	P34048	3	P60002	8	3100000	587	99977	0.00587135041059444
chr1.mfa	P34048	3	P75010	11	100000	457	94975	0.00481179257699395
chr1.mfa	P34048	3	P75010	11	200000	220	99898	0.00220224629121704
chr1.mfa	P34048	3	P75010	11	300000	42	99984	0.000420067210753721
chr1.mfa	P34048	3	P75010	11	400000	27	99973	0.000270072919688316
chr1.mfa	P34048	3	P75010	11	500000	102	99351	0.00102666304315004
chr1.mfa	P34048	3	P75010	11	600000	411	99877	0.00411506152567658
chr1.mfa	P34048	3	P75010	11	700000	132	99940	0.00132079247548529
chr1.mfa	P34048	3	P75010	11	800000	137	99936	0.00137087736151137
chr1.mfa	P34048	3	P75010	11	900000	232	99510	0.0023314239774897
chr1.mfa	P34048	3	P75010	11	1000000	301	99930	0.00301210847593315
chr1.mfa	P34048	3	P75010	11	1100000	197	99925	0.00197147860895672
chr1.mfa	P34048	3	P75010	11	1200000	30	99976	0.000300072017284148
chr1.mfa	P34048	3	P75010	11	1300000	202	99669	0.00202670840481995
chr1.mfa	P34048	3	P75010	11	1400000	205	99506	0.00206017727574217
chr1.mfa	P34048	3	P75010	11	1500000	225	99908	0.00225207190615366
chr1.mfa	P34048	3	P75010	11	1600000	132	99900	0.00132132132132132
chr1.mfa	P34048	3	P75010	11	1700000	108	97814	0.00110413642218905
chr1.mfa	P34048	3	P75010	11	1800000	113	99886	0.00113128967022406
chr1.mfa	P34048	3	P75010	11	1900000	69	98370	0.000701433363830436
chr1.mfa	P34048	3	P75010	11	2000000	115	99793	0.00115238543785636
chr1.mfa	P34048	3	P75010	11	2100000	14	99928	0.000140100872628292
chr1.mfa	P34048	3	P75010	11	2200000	71	99947	0.000710376499544759
chr1.mfa	P34048	3	P75010	11	2300000	98	99813	0.000981836033382425
chr1.mfa	P34048	3	P75010	11	2400000	75	99678	0.000752422801420574
chr1.mfa	P34048	3	P75010	11	2500000	390	99907	0.00390363037624991
chr1.mfa	P34048	3	P75010	11	2600000	234	99357	0.00235514357317552
chr1.mfa	P34048	3	P75010	11	2700000	458	99592	0.00459876295284762
chr1.mfa	P34048	3	P75010	11	2800000	540	97178	0.00555681327049332
chr1.mfa	P34048	3	P75010	11	2900000	369	99555	0.00370649389784541
chr1.mfa	P34048	3	P75010	11	3000000	724	99459	0.00727938145366432
chr1.mfa	P34048	3	P75010	11	3100000	284	99985	0.00284042606390959
chr1.mfa	P34048	3	P75016	4	100000	400	93020	0.00430015050526768
chr1.mfa	P34048	3	P75016	4	200000	228	99865	0.00228308216091724
chr1.mfa	P34048	3	P75016	4	300000	71	99332	0.000714774694962348
chr1.mfa	P34048	3	P75016	4	400000	280	99954	0.00280128859275267
chr1.mfa	P34048	3	P75016	4	500000	427	99178	0.00430539030833451
chr1.mfa	P34048	3	P75016	4	600000	107	99856	0.00107154302195161
chr1.mfa	P34048	3	P75016	4	700000	126	99933	0.00126084476599322
chr1.mfa	P34048	3	P75016	4	800000	81	99928	0.000810583620206549
chr1.mfa	P34048	3	P75016	4	900000	180	99476	0.00180948168402429
chr1.mfa	P34048	3	P75016	4	1000000	209	99926	0.00209154774533155
chr1.mfa	P34048	3	P75016	4	1100000	304	99823	0.0030453903409034
chr1.mfa	P34048	3	P75016	4	1200000	138	99974	0.00138035889331226
chr1.mfa	P34048	3	P75016	4	1300000	288	99501	0.00289444327192692
chr1.mfa	P34048	3	P75016	4	1400000	220	99423	0.00221276766945274
chr1.mfa	P34048	3	P75016	4	1500000	204	99884	0.00204236914821193
chr1.mfa	P34048	3	P75016	4	1600000	119	99899	0.0011912031151463
chr1.mfa	P34048	3	P75016	4	1700000	191	98064	0.00194770761951379
chr1.mfa	P34048	3	P75016	4	1800000	125	99636	0.00125456662250592
chr1.mfa	P34048	3	P75016	4	1900000	145	98629	0.00147015583651867
chr1.mfa	P34048	3	P75016	4	2000000	167	99726	0.00167458837213966
chr1.mfa	P34048	3	P75016	4	2100000	257	99824	0.00257453117486777
chr1.mfa	P34048	3	P75016	4	2200000	142	99934	0.00142093781896051
chr1.mfa	P34048	3	P75016	4	2300000	306	99791	0.00306640879438025
chr1.mfa	P34048	3	P75016	4	2400000	312	99745	0.00312797633966615
chr1.mfa	P34048	3	P75016	4	2500000	198	99937	0.00198124818635741
chr1.mfa	P34048	3	P75016	4	2600000	155	99395	0.00155943457920419
chr1.mfa	P34048	3	P75016	4	2700000	114	99644	0.0011440728995223
chr1.mfa	P34048	3	P75016	4	2800000	272	97577	0.00278754214620249
chr1.mfa	P34048	3	P75016	4	2900000	164	99599	0.00164660287753893
chr1.mfa	P34048	3	P75016	4	3000000	446	99403	0.00448678611309518
chr1.mfa	P34048	3	P75016	4	3100000	152	99985	0.00152022803420513
chr1.mfa	P34048	3	P75063	4	100000	201	92859	0.00216457209317352
chr1.mfa	P34048	3	P75063	4	200000	184	99880	0.00184221065278334
chr1.mfa	P34048	3	P75063	4	300000	62	99326	0.00062420715623301
chr1.mfa	P34048	3	P75063	4	400000	306	99946	0.0030616532927781
chr1.mfa	P34048	3	P75063	4	500000	421	99202	0.00424386605108768
chr1.mfa	P34048	3	P75063	4	600000	106	99861	0.00106147545087672
chr1.mfa	P34048	3	P75063	4	700000	88	99942	0.000880510696203798
chr1.mfa	P34048	3	P75063	4	800000	103	99927	0.00103075244928798
chr1.mfa	P34048	3	P75063	4	900000	178	99480	0.00178930438279051
chr1.mfa	P34048	3	P75063	4	1000000	189	99927	0.00189138070791678
chr1.mfa	P34048	3	P75063	4	1100000	336	99805	0.00336656480136266
chr1.mfa	P34048	3	P75063	4	1200000	153	99964	0.00153055099835941
chr1.mfa	P34048	3	P75063	4	1300000	265	99515	0.00266291513842134
chr1.mfa	P34048	3	P75063	4	1400000	246	99438	0.00247390333675255
chr1.mfa	P34048	3	P75063	4	1500000	197	99892	0.00197212990029232
chr1.mfa	P34048	3	P75063	4	1600000	103	99893	0.00103110328051015
chr1.mfa	P34048	3	P75063	4	1700000	167	97944	0.00170505595033897
chr1.mfa	P34048	3	P75063	4	1800000	82	99646	0.00082291311241796
chr1.mfa	P34048	3	P75063	4	1900000	140	98712	0.00141826728259989
chr1.mfa	P34048	3	P75063	4	2000000	526	99637	0.00527916336300772
chr1.mfa	P34048	3	P75063	4	2100000	532	99919	0.00532431269328156
chr1.mfa	P34048	3	P75063	4	2200000	317	99931	0.00317218881027909
chr1.mfa	P34048	3	P75063	4	2300000	712	99486	0.00715678587942022
chr1.mfa	P34048	3	P75063	4	2400000	438	99731	0.00439181397960514
chr1.mfa	P34048	3	P75063	4	2500000	333	98926	0.00336615247760953
chr1.mfa	P34048	3	P75063	4	2600000	287	99350	0.0028887770508304
chr1.mfa	P34048	3	P75063	4	2700000	596	99657	0.00598051316013928
chr1.mfa	P34048	3	P75063	4	2800000	507	97468	0.00520170722698732
chr1.mfa	P34048	3	P75063	4	2900000	419	99582	0.00420758771665562
chr1.mfa	P34048	3	P75063	4	3000000	766	99387	0.00770724541439021
chr1.mfa	P34048	3	P75063	4	3100000	266	99969	0.00266082485570527
chr1.mfa	P34048	3	P76055	2	100000	364	92589	0.00393135253647842
chr1.mfa	P34048	3	P76055	2	200000	402	99760	0.00402967121090617
chr1.mfa	P34048	3	P76055	2	300000	337	98913	0.00340703446463053
chr1.mfa	P34048	3	P76055	2	400000	102	99943	0.001020581731587
chr1.mfa	P34048	3	P76055	2	500000	245	98988	0.00247504748050269
chr1.mfa	P34048	3	P76055	2	600000	461	99868	0.00461609324308087
chr1.mfa	P34048	3	P76055	2	700000	245	99939	0.00245149541220144
chr1.mfa	P34048	3	P76055	2	800000	373	99921	0.00373294902973349
chr1.mfa	P34048	3	P76055	2	900000	343	99233	0.00345651144276602
chr1.mfa	P34048	3	P76055	2	1000000	124	99901	0.00124122881652836
chr1.mfa	P34048	3	P76055	2	1100000	442	99834	0.00442734940000401
chr1.mfa	P34048	3	P76055	2	1200000	150	99929	0.00150106575668725
chr1.mfa	P34048	3	P76055	2	1300000	312	99615	0.003132058424936
chr1.mfa	P34048	3	P76055	2	1400000	227	99396	0.00228379411646344
chr1.mfa	P34048	3	P76055	2	1500000	229	99909	0.00229208579807625
chr1.mfa	P34048	3	P76055	2	1600000	113	99898	0.00113115377685239
chr1.mfa	P34048	3	P76055	2	1700000	296	97922	0.00302281407650988
chr1.mfa	P34048	3	P76055	2	1800000	129	99900	0.00129129129129129
chr1.mfa	P34048	3	P76055	2	1900000	178	98484	0.00180740018683238
chr1.mfa	P34048	3	P76055	2	2000000	289	99696	0.00289881238966458
chr1.mfa	P34048	3	P76055	2	2100000	110	99927	0.00110080358661823
chr1.mfa	P34048	3	P76055	2	2200000	256	99948	0.00256133189258414
chr1.mfa	P34048	3	P76055	2	2300000	568	99467	0.0057104366272231
chr1.mfa	P34048	3	P76055	2	2400000	360	99605	0.0036142763917474
chr1.mfa	P34048	3	P76055	2	2500000	545	99872	0.00545698494072413
chr1.mfa	P34048	3	P76055	2	2600000	428	99407	0.00430553180359532
chr1.mfa	P34048	3	P76055	2	2700000	333	99652	0.00334162886846225
chr1.mfa	P34048	3	P76055	2	2800000	522	96601	0.00540367076945373
chr1.mfa	P34048	3	P76055	2	2900000	439	99486	0.00441268118127174
chr1.mfa	P34048	3	P76055	2	3000000	720	99381	0.00724484559422827
chr1.mfa	P34048	3	P76055	2	3100000	228	99981	0.00228043328232364
chr1.mfa	P34048	3	P76067	2	100000	349	93280	0.00374142367066895
chr1.mfa	P34048	3	P76067	2	200000	412	99805	0.00412804969690897
chr1.mfa	P34048	3	P76067	2	300000	381	98862	0.00385385689142441
chr1.mfa	P34048	3	P76067	2	400000	483	99890	0.00483531885073581
chr1.mfa	P34048	3	P76067	2	500000	477	99040	0.00481623586429725
chr1.mfa	P34048	3	P76067	2	600000	160	99863	0.00160219500715981
chr1.mfa	P34048	3	P76067	2	700000	65	99953	0.000650305643652517
chr1.mfa	P34048	3	P76067	2	800000	120	99938	0.00120074446156617
chr1.mfa	P34048	3	P76067	2	900000	178	99469	0.00178950225698459
chr1.mfa	P34048	3	P76067	2	1000000	116	99912	0.0011610216990952
chr1.mfa	P34048	3	P76067	2	1100000	367	99873	0.00367466682687012
chr1.mfa	P34048	3	P76067	2	1200000	142	99952	0.00142068192732512
chr1.mfa	P34048	3	P76067	2	1300000	250	99608	0.00250983856718336
chr1.mfa	P34048	3	P76067	2	1400000	182	99453	0.00183001015555086
chr1.mfa	P34048	3	P76067	2	1500000	182	99915	0.00182154831606866
chr1.mfa	P34048	3	P76067	2	1600000	57	99914	0.000570490621934864
chr1.mfa	P34048	3	P76067	2	1700000	207	98349	0.00210474941280542
chr1.mfa	P34048	3	P76067	2	1800000	120	99894	0.00120127334975074
chr1.mfa	P34048	3	P76067	2	1900000	186	98511	0.00188811401772391
chr1.mfa	P34048	3	P76067	2	2000000	223	99705	0.00223659796399378
chr1.mfa	P34048	3	P76067	2	2100000	252	99928	0.00252181570730926
chr1.mfa	P34048	3	P76067	2	2200000	126	99954	0.0012605798667387
chr1.mfa	P34048	3	P76067	2	2300000	248	99606	0.0024898098508122
chr1.mfa	P34048	3	P76067	2	2400000	156	99812	0.00156293832404921
chr1.mfa	P34048	3	P76067	2	2500000	294	99937	0.0029418533676216
chr1.mfa	P34048	3	P76067	2	2600000	239	99418	0.0024039912289525
chr1.mfa	P34048	3	P76067	2	2700000	187	99684	0.00187592793226596
chr1.mfa	P34048	3	P76067	2	2800000	235	97508	0.00241005866185339
chr1.mfa	P34048	3	P76067	2	2900000	187	99589	0.00187771741859041
chr1.mfa	P34048	3	P76067	2	3000000	493	99433	0.00495811249786288
chr1.mfa	P34048	3	P76067	2	3100000	159	99982	0.00159028625152527
chr1.mfa	P34048	3	P78042	3	100000	20	94946	0.000210646051439766
chr1.mfa	P34048	3	P78042	3	200000	6	99835	6.0099163619973e-05
chr1.mfa	P34048	3	P78042	3	300000	0	99991	0
chr1.mfa	P34048	3	P78042	3	400000	0	99973	0
chr1.mfa	P34048	3	P78042	3	500000	10	99382	0.000100621842989676
chr1.mfa	P34048	3	P78042	3	600000	7	99867	7.00932239879039e-05
chr1.mfa	P34048	3	P78042	3	700000	0	99955	0
chr1.mfa	P34048	3	P78042	3	800000	2	99941	2.001180696611e-05
chr1.mfa	P34048	3	P78042	3	900000	7	99692	7.02162660995867e-05
chr1.mfa	P34048	3	P78042	3	1000000	10	99936	0.000100064040986231
chr1.mfa	P34048	3	P78042	3	1100000	69	99946	0.000690372801312709
chr1.mfa	P34048	3	P78042	3	1200000	21	99962	0.000210079830335528
chr1.mfa	P34048	3	P78042	3	1300000	16	99698	0.000160484663684327
chr1.mfa	P34048	3	P78042	3	1400000	10	99518	0.000100484334492253
chr1.mfa	P34048	3	P78042	3	1500000	11	99916	0.000110092477681252
chr1.mfa	P34048	3	P78042	3	1600000	21	99922	0.000210163927863734
chr1.mfa	P34048	3	P78042	3	1700000	12	98252	0.000122134918373163
chr1.mfa	P34048	3	P78042	3	1800000	0	99882	0
chr1.mfa	P34048	3	P78042	3	1900000	3	98451	3.04720114574763e-05
chr1.mfa	P34048	3	P78042	3	2000000	23	99788	0.000230488635908125
chr1.mfa	P34048	3	P78042	3	2100000	5	99916	5.00420353096601e-05
chr1.mfa	P34048	3	P78042	3	2200000	3	99951	3.00147072065312e-05
chr1.mfa	P34048	3	P78042	3	2300000	2	99858	2.00284403853472e-05
chr1.mfa	P34048	3	P78042	3	2400000	6	99829	6.01027757465266e-05
chr1.mfa	P34048	3	P78042	3	2500000	0	99972	0
chr1.mfa	P34048	3	P78042	3	2600000	6	99416	6.03524583568037e-05
chr1.mfa	P34048	3	P78042	3	2700000	4	99703	4.01191538870445e-05
chr1.mfa	P34048	3	P78042	3	2800000	5	99235	5.03854486824205e-05
chr1.mfa	P34048	3	P78042	3	2900000	0	99640	0
chr1.mfa	P34048	3	P78042	3	3000000	39	99398	0.000392362019356526
chr1.mfa	P34048	3	P78042	3	3100000	9	99957	9.00387166481587e-05
chr1.mfa	P34048	3	P78048	1	100000	418	92546	0.0045166727897478
chr1.mfa	P34048	3	P78048	1	200000	204	99910	0.0020418376538885
chr1.mfa	P34048	3	P78048	1	300000	48	99992	0.000480038403072246
chr1.mfa	P34048	3	P78048	1	400000	28	99969	0.000280086826916344
chr1.mfa	P34048	3	P78048	1	500000	94	99409	0.000945588427607158
chr1.mfa	P34048	3	P78048	1	600000	281	99877	0.00281346055648448
chr1.mfa	P34048	3	P78048	1	700000	94	99956	0.000940413782064108
chr1.mfa	P34048	3	P78048	1	800000	142	99931	0.0014209804765288
chr1.mfa	P34048	3	P78048	1	900000	207	99707	0.00207608292296429
chr1.mfa	P34048	3	P78048	1	1000000	62	99932	0.00062042188688308
chr1.mfa	P34048	3	P78048	1	1100000	57	99945	0.000570313672519886
chr1.mfa	P34048	3	P78048	1	1200000	3	99985	3.00045006751013e-05
chr1.mfa	P34048	3	P78048	1	1300000	175	99692	0.00175540665248967
chr1.mfa	P34048	3	P78048	1	1400000	166	99539	0.00166768804187303
chr1.mfa	P34048	3	P78048	1	1500000	56	99910	0.000560504454008608
chr1.mfa	P34048	3	P78048	1	1600000	30	99931	0.000300207142928621
chr1.mfa	P34048	3	P78048	1	1700000	41	98157	0.00041769817740966
chr1.mfa	P34048	3	P78048	1	1800000	23	99879	0.000230278637150953
chr1.mfa	P34048	3	P78048	1	1900000	52	98363	0.000528654067078068
chr1.mfa	P34048	3	P78048	1	2000000	140	99839	0.00140225763479202
chr1.mfa	P34048	3	P78048	1	2100000	312	99942	0.0031218106501771
chr1.mfa	P34048	3	P78048	1	2200000	259	99964	0.00259093273578488
chr1.mfa	P34048	3	P78048	1	2300000	160	99886	0.00160182608173318
chr1.mfa	P34048	3	P78048	1	2400000	132	99852	0.00132195649561351
chr1.mfa	P34048	3	P78048	1	2500000	128	99949	0.00128065313309788
chr1.mfa	P34048	3	P78048	1	2600000	198	99458	0.00199079008224577
chr1.mfa	P34048	3	P78048	1	2700000	422	99703	0.0042325707350832
chr1.mfa	P34048	3	P78048	1	2800000	259	99185	0.00261128194787518
chr1.mfa	P34048	3	P78048	1	2900000	150	99652	0.00150523822903705
chr1.mfa	P34048	3	P78048	1	3000000	392	99456	0.00394144144144144
chr1.mfa	P34048	3	P78048	1	3100000	157	99979	0.00157032976925154
chr1.mfa	P34048	3	P87	4	100000	326	92756	0.00351459743844064
chr1.mfa	P34048	3	P87	4	200000	316	99842	0.00316500070110775
chr1.mfa	P34048	3	P87	4	300000	229	99324	0.00230558575973581
chr1.mfa	P34048	3	P87	4	400000	543	99915	0.00543461942651254
chr1.mfa	P34048	3	P87	4	500000	577	99119	0.00582128552547947
chr1.mfa	P34048	3	P87	4	600000	223	99861	0.00223310401458027
chr1.mfa	P34048	3	P87	4	700000	268	99929	0.00268190415194788
chr1.mfa	P34048	3	P87	4	800000	83	99935	0.000830539850903087
chr1.mfa	P34048	3	P87	4	900000	185	99490	0.00185948336516233
chr1.mfa	P34048	3	P87	4	1000000	205	99922	0.00205160024819359
chr1.mfa	P34048	3	P87	4	1100000	305	99823	0.00305540807228795
chr1.mfa	P34048	3	P87	4	1200000	139	99971	0.00139040321693291
chr1.mfa	P34048	3	P87	4	1300000	280	99495	0.00281421176943565
chr1.mfa	P34048	3	P87	4	1400000	197	99437	0.00198115389643694
chr1.mfa	P34048	3	P87	4	1500000	174	99901	0.00174172430706399
chr1.mfa	P34048	3	P87	4	1600000	156	99909	0.00156142089301264
chr1.mfa	P34048	3	P87	4	1700000	201	97515	0.00206122135056145
chr1.mfa	P34048	3	P87	4	1800000	139	99889	0.00139154461452212
chr1.mfa	P34048	3	P87	4	1900000	140	98354	0.00142342965207312
chr1.mfa	P34048	3	P87	4	2000000	166	99692	0.00166512859607591
chr1.mfa	P34048	3	P87	4	2100000	277	99920	0.00277221777421938
chr1.mfa	P34048	3	P87	4	2200000	221	99931	0.00221152595290751
chr1.mfa	P34048	3	P87	4	2300000	747	99458	0.0075107080375636
chr1.mfa	P34048	3	P87	4	2400000	427	99751	0.00428065884051288
chr1.mfa	P34048	3	P87	4	2500000	348	99379	0.00350174584167681
chr1.mfa	P34048	3	P87	4	2600000	343	99377	0.00345150286283546
chr1.mfa	P34048	3	P87	4	2700000	217	99673	0.00217711917971768
chr1.mfa	P34048	3	P87	4	2800000	475	97423	0.00487564538148076
chr1.mfa	P34048	3	P87	4	2900000	424	99576	0.00425805414959428
chr1.mfa	P34048	3	P87	4	3000000	756	99396	0.00760593987685621
chr1.mfa	P34048	3	P87	4	3100000	265	99969	0.00265082175474397
chr1.mfa	P34048	3	P94015	6	100000	443	92653	0.00478128069247623
chr1.mfa	P34048	3	P94015	6	200000	365	99772	0.00365834101751995
chr1.mfa	P34048	3	P94015	6	300000	305	99107	0.00307748191348744
chr1.mfa	P34048	3	P94015	6	400000	536	99908	0.00536493574088161
chr1.mfa	P34048	3	P94015	6	500000	549	99293	0.00552909067104428
chr1.mfa	P34048	3	P94015	6	600000	541	99838	0.00541877842104209
chr1.mfa	P34048	3	P94015	6	700000	347	99945	0.00347190955025264
chr1.mfa	P34048	3	P94015	6	800000	553	99928	0.00553398446881755
chr1.mfa	P34048	3	P94015	6	900000	262	99563	0.00263149965348573
chr1.mfa	P34048	3	P94015	6	1000000	398	99908	0.00398366497177403
chr1.mfa	P34048	3	P94015	6	1100000	688	99753	0.00689703567812497
chr1.mfa	P34048	3	P94015	6	1200000	482	99918	0.00482395564362777
chr1.mfa	P34048	3	P94015	6	1300000	641	99194	0.00646208440026614
chr1.mfa	P34048	3	P94015	6	1400000	197	99443	0.00198103436139296
chr1.mfa	P34048	3	P94015	6	1500000	163	99866	0.00163218713075521
chr1.mfa	P34048	3	P94015	6	1600000	98	99903	0.000980951522977288
chr1.mfa	P34048	3	P94015	6	1700000	234	98083	0.00238573453095847
chr1.mfa	P34048	3	P94015	6	1800000	355	99808	0.00355682911189484
chr1.mfa	P34048	3	P94015	6	1900000	276	98455	0.00280331115738155
chr1.mfa	P34048	3	P94015	6	2000000	591	99594	0.00593409241520574
chr1.mfa	P34048	3	P94015	6	2100000	436	99804	0.00436856238226925
chr1.mfa	P34048	3	P94015	6	2200000	326	99947	0.0032617287162196
chr1.mfa	P34048	3	P94015	6	2300000	706	99522	0.00709390888446776
chr1.mfa	P34048	3	P94015	6	2400000	395	99743	0.0039601776565774
chr1.mfa	P34048	3	P94015	6	2500000	355	99401	0.00357139264192513
chr1.mfa	P34048	3	P94015	6	2600000	435	98573	0.00441297312651537
chr1.mfa	P34048	3	P94015	6	2700000	540	99677	0.00541749852022031
chr1.mfa	P34048	3	P94015	6	2800000	462	96900	0.00476780185758514
chr1.mfa	P34048	3	P94015	6	2900000	495	99473	0.00497622470419109
chr1.mfa	P34048	3	P94015	6	3000000	702	99371	0.00706443529802457
chr1.mfa	P34048	3	P94015	6	3100000	637	99811	0.00638206209736402
chr1.mfa	P34048	3	SC5314	1	100000	468	94348	0.00496035952007462
chr1.mfa	P34048	3	SC5314	1	200000	212	99859	0.00212299342072322
chr1.mfa	P34048	3	SC5314	1	300000	72	99980	0.000720144028805761
chr1.mfa	P34048	3	SC5314	1	400000	46	99947	0.00046024392928252
chr1.mfa	P34048	3	SC5314	1	500000	126	99300	0.00126888217522659
chr1.mfa	P34048	3	SC5314	1	600000	302	99859	0.00302426421253968
chr1.mfa	P34048	3	SC5314	1	700000	121	99939	0.00121073855051581
chr1.mfa	P34048	3	SC5314	1	800000	130	99847	0.00130199204783318
chr1.mfa	P34048	3	SC5314	1	900000	194	99468	0.00195037600032171
chr1.mfa	P34048	3	SC5314	1	1000000	69	99919	0.000690559353075992
chr1.mfa	P34048	3	SC5314	1	1100000	54	99926	0.000540399895922983
chr1.mfa	P34048	3	SC5314	1	1200000	22	99980	0.00022004400880176
chr1.mfa	P34048	3	SC5314	1	1300000	197	98843	0.00199305970073753
chr1.mfa	P34048	3	SC5314	1	1400000	190	99244	0.001914473419048
chr1.mfa	P34048	3	SC5314	1	1500000	93	99893	0.00093099616589751
chr1.mfa	P34048	3	SC5314	1	1600000	37	99916	0.000370311061291485
chr1.mfa	P34048	3	SC5314	1	1700000	79	94563	0.000835421888053467
chr1.mfa	P34048	3	SC5314	1	1800000	24	99883	0.000240281128920837
chr1.mfa	P34048	3	SC5314	1	1900000	54	98505	0.000548195523069895
chr1.mfa	P34048	3	SC5314	1	2000000	149	99545	0.00149681048771912
chr1.mfa	P34048	3	SC5314	1	2100000	305	99930	0.00305213649554688
chr1.mfa	P34048	3	SC5314	1	2200000	256	99951	0.00256125501495733
chr1.mfa	P34048	3	SC5314	1	2300000	216	99367	0.00217375990016806
chr1.mfa	P34048	3	SC5314	1	2400000	174	99062	0.00175647574246432
chr1.mfa	P34048	3	SC5314	1	2500000	90	99920	0.000900720576461169
chr1.mfa	P34048	3	SC5314	1	2600000	226	99431	0.00227293298870574
chr1.mfa	P34048	3	SC5314	1	2700000	417	99689	0.00418300915848288
chr1.mfa	P34048	3	SC5314	1	2800000	263	99138	0.00265286771974419
chr1.mfa	P34048	3	SC5314	1	2900000	147	99601	0.00147588879629723
chr1.mfa	P34048	3	SC5314	1	3000000	552	99448	0.00555063953020674
chr1.mfa	P34048	3	SC5314	1	3100000	283	99983	0.00283048118180091
file	ref	refClade	strain	strainClade	pos	diffs	lengthNotN	pDiff
chr2.mfa	P34048	3	12C	1	100000	259	99565	0.00260131572339678
chr2.mfa	P34048	3	12C	1	200000	181	99946	0.00181097792808116
chr2.mfa	P34048	3	12C	1	300000	269	99850	0.00269404106159239
chr2.mfa	P34048	3	12C	1	400000	371	99833	0.00371620606412709
chr2.mfa	P34048	3	12C	1	500000	601	99748	0.00602518346232506
chr2.mfa	P34048	3	12C	1	600000	185	97399	0.00189940348463537
chr2.mfa	P34048	3	12C	1	700000	96	99548	0.000964358902238116
chr2.mfa	P34048	3	12C	1	800000	135	99209	0.00136076364039553
chr2.mfa	P34048	3	12C	1	900000	204	99910	0.0020418376538885
chr2.mfa	P34048	3	12C	1	1000000	112	99799	0.00112225573402539
chr2.mfa	P34048	3	12C	1	1100000	293	99325	0.00294991190536119
chr2.mfa	P34048	3	12C	1	1200000	217	99971	0.00217062948254994
chr2.mfa	P34048	3	12C	1	1300000	310	99851	0.00310462589257994
chr2.mfa	P34048	3	12C	1	1400000	223	99530	0.0022405304933186
chr2.mfa	P34048	3	12C	1	1500000	29	99986	0.000290040605684796
chr2.mfa	P34048	3	12C	1	1600000	129	99988	0.00129015481857823
chr2.mfa	P34048	3	12C	1	1700000	281	99356	0.00282821369620355
chr2.mfa	P34048	3	12C	1	1800000	216	99660	0.00216736905478627
chr2.mfa	P34048	3	12C	1	1900000	180	96185	0.00187139366845142
chr2.mfa	P34048	3	12C	1	2000000	171	99946	0.00171092389890541
chr2.mfa	P34048	3	12C	1	2100000	162	99781	0.00162355558673495
chr2.mfa	P34048	3	12C	1	2200000	85	98772	0.000860567772243146
chr2.mfa	P34048	3	19F	1	100000	168	99585	0.00168700105437566
chr2.mfa	P34048	3	19F	1	200000	57	99956	0.000570250910400576
chr2.mfa	P34048	3	19F	1	300000	159	99937	0.00159100233146883
chr2.mfa	P34048	3	19F	1	400000	87	99844	0.000871359320540042
chr2.mfa	P34048	3	19F	1	500000	362	99829	0.00362620080337377
chr2.mfa	P34048	3	19F	1	600000	107	98405	0.0010873431228088
chr2.mfa	P34048	3	19F	1	700000	82	99546	0.00082373977859482
chr2.mfa	P34048	3	19F	1	800000	139	99216	0.00140098371230447
chr2.mfa	P34048	3	19F	1	900000	190	99918	0.00190155927860846
chr2.mfa	P34048	3	19F	1	1000000	111	99776	0.00111249198203977
chr2.mfa	P34048	3	19F	1	1100000	296	99339	0.00297969578916639
chr2.mfa	P34048	3	19F	1	1200000	205	99980	0.0020504100820164
chr2.mfa	P34048	3	19F	1	1300000	297	99850	0.00297446169253881
chr2.mfa	P34048	3	19F	1	1400000	214	99562	0.00214941443522629
chr2.mfa	P34048	3	19F	1	1500000	27	99985	0.000270040506075911
chr2.mfa	P34048	3	19F	1	1600000	162	99989	0.00162017821960416
chr2.mfa	P34048	3	19F	1	1700000	276	99281	0.00277998811454357
chr2.mfa	P34048	3	19F	1	1800000	236	99656	0.00236814642369752
chr2.mfa	P34048	3	19F	1	1900000	181	96385	0.00187788556310629
chr2.mfa	P34048	3	19F	1	2000000	194	99939	0.00194118412231461
chr2.mfa	P34048	3	19F	1	2100000	157	99765	0.00157369819074826
chr2.mfa	P34048	3	19F	1	2200000	77	98645	0.000780576815854833
chr2.mfa	P34048	3	GC75	4	100000	361	99576	0.00362537157548004
chr2.mfa	P34048	3	GC75	4	200000	298	99906	0.00298280383560547
chr2.mfa	P34048	3	GC75	4	300000	230	99785	0.00230495565465751
chr2.mfa	P34048	3	GC75	4	400000	355	99756	0.00355868318697622
chr2.mfa	P34048	3	GC75	4	500000	554	99729	0.00555505419687353
chr2.mfa	P34048	3	GC75	4	600000	238	97091	0.00245130856619048
chr2.mfa	P34048	3	GC75	4	700000	259	99476	0.0026036430897905
chr2.mfa	P34048	3	GC75	4	800000	265	98960	0.00267784963621665
chr2.mfa	P34048	3	GC75	4	900000	181	99882	0.0018121383232214
chr2.mfa	P34048	3	GC75	4	1000000	113	99652	0.00113394613254124
chr2.mfa	P34048	3	GC75	4	1100000	228	99292	0.0022962575031221
chr2.mfa	P34048	3	GC75	4	1200000	241	99970	0.00241072321696509
chr2.mfa	P34048	3	GC75	4	1300000	225	99767	0.00225525474355248
chr2.mfa	P34048	3	GC75	4	1400000	325	99488	0.00326672563525249
chr2.mfa	P34048	3	GC75	4	1500000	169	99649	0.00169595279430802
chr2.mfa	P34048	3	GC75	4	1600000	131	99982	0.00131023584245164
chr2.mfa	P34048	3	GC75	4	1700000	136	94831	0.001434130189495
chr2.mfa	P34048	3	GC75	4	1800000	216	99589	0.00216891423751619
chr2.mfa	P34048	3	GC75	4	1900000	107	96308	0.00111101881463637
chr2.mfa	P34048	3	GC75	4	2000000	166	99904	0.00166159513132607
chr2.mfa	P34048	3	GC75	4	2100000	102	99731	0.00102275120072996
chr2.mfa	P34048	3	GC75	4	2200000	62	98669	0.000628363518430307
chr2.mfa	P34048	3	L26	1	100000	162	99407	0.00162966390696832
chr2.mfa	P34048	3	L26	1	200000	63	99955	0.000630283627632435
chr2.mfa	P34048	3	L26	1	300000	168	99928	0.00168121047153951
chr2.mfa	P34048	3	L26	1	400000	89	99841	0.000891417353592212
chr2.mfa	P34048	3	L26	1	500000	422	99804	0.00422828744338904
chr2.mfa	P34048	3	L26	1	600000	109	98401	0.00110771231999675
chr2.mfa	P34048	3	L26	1	700000	107	99544	0.00107490155107289
chr2.mfa	P34048	3	L26	1	800000	137	99205	0.00138097878131143
chr2.mfa	P34048	3	L26	1	900000	238	99912	0.00238209624469533
chr2.mfa	P34048	3	L26	1	1000000	110	99777	0.00110245848241579
chr2.mfa	P34048	3	L26	1	1100000	298	99334	0.00299997986590694
chr2.mfa	P34048	3	L26	1	1200000	214	99980	0.00214042808561712
chr2.mfa	P34048	3	L26	1	1300000	299	99851	0.00299446174800453
chr2.mfa	P34048	3	L26	1	1400000	252	99543	0.00253156927157108
chr2.mfa	P34048	3	L26	1	1500000	37	99984	0.000370059209473516
chr2.mfa	P34048	3	L26	1	1600000	135	99987	0.00135017552281797
chr2.mfa	P34048	3	L26	1	1700000	279	99310	0.00280938475480818
chr2.mfa	P34048	3	L26	1	1800000	253	99628	0.00253944674187979
chr2.mfa	P34048	3	L26	1	1900000	167	96381	0.00173270665380106
chr2.mfa	P34048	3	L26	1	2000000	184	99946	0.00184099413683389
chr2.mfa	P34048	3	L26	1	2100000	146	99776	0.0014632777421424
chr2.mfa	P34048	3	L26	1	2200000	141	98599	0.00143003478737107
chr2.mfa	P34048	3	NCYC4144	NA	100000	208	99539	0.00208963320909392
chr2.mfa	P34048	3	NCYC4144	NA	200000	36	99669	0.000361195557294645
chr2.mfa	P34048	3	NCYC4144	NA	300000	22	98695	0.000222908961953493
chr2.mfa	P34048	3	NCYC4144	NA	400000	19	97036	0.000195803619275321
chr2.mfa	P34048	3	NCYC4144	NA	500000	18	97253	0.000185084264752758
chr2.mfa	P34048	3	NCYC4144	NA	600000	17	96814	0.000175594438820832
chr2.mfa	P34048	3	NCYC4144	NA	700000	24	99003	0.000242416896457683
chr2.mfa	P34048	3	NCYC4144	NA	800000	21	98896	0.000212344280860702
chr2.mfa	P34048	3	NCYC4144	NA	900000	21	99564	0.000210919609497409
chr2.mfa	P34048	3	NCYC4144	NA	1000000	23	94322	0.000243845550348805
chr2.mfa	P34048	3	NCYC4144	NA	1100000	49	98404	0.000497947237917158
chr2.mfa	P34048	3	NCYC4144	NA	1200000	28	99035	0.000282728328368759
chr2.mfa	P34048	3	NCYC4144	NA	1300000	18	98988	0.00018184022305734
chr2.mfa	P34048	3	NCYC4144	NA	1400000	46	96401	0.000477173473304219
chr2.mfa	P34048	3	NCYC4144	NA	1500000	12	99285	0.000120864178878985
chr2.mfa	P34048	3	NCYC4144	NA	1600000	43	99895	0.000430451974573302
chr2.mfa	P34048	3	NCYC4144	NA	1700000	22	93720	0.000234741784037559
chr2.mfa	P34048	3	NCYC4144	NA	1800000	25	95809	0.000260935820225657
chr2.mfa	P34048	3	NCYC4144	NA	1900000	28	95474	0.000293273561388441
chr2.mfa	P34048	3	NCYC4144	NA	2000000	35	99530	0.000351652768009645
chr2.mfa	P34048	3	NCYC4144	NA	2100000	34	96264	0.00035319537937339
chr2.mfa	P34048	3	NCYC4144	NA	2200000	24	98258	0.000244254920718924
chr2.mfa	P34048	3	NCYC4145	NA	100000	172	99700	0.00172517552657974
chr2.mfa	P34048	3	NCYC4145	NA	200000	25	99909	0.000250227707213564
chr2.mfa	P34048	3	NCYC4145	NA	300000	92	99632	0.000923398105026498
chr2.mfa	P34048	3	NCYC4145	NA	400000	130	99118	0.00131156803002482
chr2.mfa	P34048	3	NCYC4145	NA	500000	380	98872	0.00384335302208917
chr2.mfa	P34048	3	NCYC4145	NA	600000	123	97038	0.0012675446732208
chr2.mfa	P34048	3	NCYC4145	NA	700000	81	98810	0.00081975508551766
chr2.mfa	P34048	3	NCYC4145	NA	800000	139	99146	0.00140197284812297
chr2.mfa	P34048	3	NCYC4145	NA	900000	293	99715	0.0029383743669458
chr2.mfa	P34048	3	NCYC4145	NA	1000000	285	97779	0.00291473629306906
chr2.mfa	P34048	3	NCYC4145	NA	1100000	258	98542	0.00261817296178279
chr2.mfa	P34048	3	NCYC4145	NA	1200000	139	99738	0.00139365136658044
chr2.mfa	P34048	3	NCYC4145	NA	1300000	228	99639	0.00228826062084124
chr2.mfa	P34048	3	NCYC4145	NA	1400000	206	97755	0.00210730908904915
chr2.mfa	P34048	3	NCYC4145	NA	1500000	204	99634	0.00204749382740831
chr2.mfa	P34048	3	NCYC4145	NA	1600000	169	99949	0.00169086233979329
chr2.mfa	P34048	3	NCYC4145	NA	1700000	271	94208	0.00287661345108696
chr2.mfa	P34048	3	NCYC4145	NA	1800000	188	98293	0.00191264891701342
chr2.mfa	P34048	3	NCYC4145	NA	1900000	104	96093	0.00108228486986565
chr2.mfa	P34048	3	NCYC4145	NA	2000000	208	99773	0.00208473234241729
chr2.mfa	P34048	3	NCYC4145	NA	2100000	253	98169	0.00257718831810449
chr2.mfa	P34048	3	NCYC4145	NA	2200000	49	98501	0.000497456878610369
chr2.mfa	P34048	3	NCYC597	NA	100000	168	99375	0.00169056603773585
chr2.mfa	P34048	3	NCYC597	NA	200000	60	99482	0.000603124183269335
chr2.mfa	P34048	3	NCYC597	NA	300000	51	98003	0.00052039223289083
chr2.mfa	P34048	3	NCYC597	NA	400000	68	95623	0.000711125984334313
chr2.mfa	P34048	3	NCYC597	NA	500000	517	96407	0.00536268113311274
chr2.mfa	P34048	3	NCYC597	NA	600000	113	97056	0.00116427629409825
chr2.mfa	P34048	3	NCYC597	NA	700000	94	98925	0.000950214809198888
chr2.mfa	P34048	3	NCYC597	NA	800000	170	98630	0.00172361350501876
chr2.mfa	P34048	3	NCYC597	NA	900000	203	98892	0.0020527444080411
chr2.mfa	P34048	3	NCYC597	NA	1000000	249	92499	0.00269192099374047
chr2.mfa	P34048	3	NCYC597	NA	1100000	234	97406	0.00240231607909164
chr2.mfa	P34048	3	NCYC597	NA	1200000	174	98385	0.00176856228083549
chr2.mfa	P34048	3	NCYC597	NA	1300000	228	98211	0.00232153221125943
chr2.mfa	P34048	3	NCYC597	NA	1400000	219	93311	0.00234699017264846
chr2.mfa	P34048	3	NCYC597	NA	1500000	232	99020	0.00234296101797617
chr2.mfa	P34048	3	NCYC597	NA	1600000	97	99605	0.00097384669444305
chr2.mfa	P34048	3	NCYC597	NA	1700000	227	96606	0.00234975053309318
chr2.mfa	P34048	3	NCYC597	NA	1800000	147	93531	0.00157167142444751
chr2.mfa	P34048	3	NCYC597	NA	1900000	77	94787	0.000812347684809098
chr2.mfa	P34048	3	NCYC597	NA	2000000	35	99369	0.000352222524127243
chr2.mfa	P34048	3	NCYC597	NA	2100000	191	94527	0.00202058671067526
chr2.mfa	P34048	3	NCYC597	NA	2200000	54	97918	0.000551481852162013
chr2.mfa	P34048	3	P37005	1	100000	262	99428	0.00263507261535986
chr2.mfa	P34048	3	P37005	1	200000	181	99943	0.00181103228840439
chr2.mfa	P34048	3	P37005	1	300000	266	99916	0.00266223627847392
chr2.mfa	P34048	3	P37005	1	400000	370	99824	0.00370652348132714
chr2.mfa	P34048	3	P37005	1	500000	602	99737	0.00603587434953929
chr2.mfa	P34048	3	P37005	1	600000	190	98096	0.00193687816016963
chr2.mfa	P34048	3	P37005	1	700000	88	99546	0.000884013420931027
chr2.mfa	P34048	3	P37005	1	800000	133	99208	0.0013406176921216
chr2.mfa	P34048	3	P37005	1	900000	214	99916	0.00214179911125345
chr2.mfa	P34048	3	P37005	1	1000000	117	99785	0.00117252091997795
chr2.mfa	P34048	3	P37005	1	1100000	299	99322	0.00301041058375788
chr2.mfa	P34048	3	P37005	1	1200000	218	99969	0.00218067600956296
chr2.mfa	P34048	3	P37005	1	1300000	310	99851	0.00310462589257994
chr2.mfa	P34048	3	P37005	1	1400000	217	99560	0.00217959019686621
chr2.mfa	P34048	3	P37005	1	1500000	45	99984	0.000450072011521844
chr2.mfa	P34048	3	P37005	1	1600000	141	99990	0.00141014101410141
chr2.mfa	P34048	3	P37005	1	1700000	271	99310	0.00272882891954486
chr2.mfa	P34048	3	P37005	1	1800000	234	99649	0.00234824233058034
chr2.mfa	P34048	3	P37005	1	1900000	178	96383	0.00184679870931596
chr2.mfa	P34048	3	P37005	1	2000000	204	99947	0.00204108177333987
chr2.mfa	P34048	3	P37005	1	2100000	204	99743	0.00204525630871339
chr2.mfa	P34048	3	P37005	1	2200000	87	98594	0.000882406637320729
chr2.mfa	P34048	3	P37037	1	100000	258	99617	0.00258991939126856
chr2.mfa	P34048	3	P37037	1	200000	181	99946	0.00181097792808116
chr2.mfa	P34048	3	P37037	1	300000	269	99919	0.00269218066633974
chr2.mfa	P34048	3	P37037	1	4